,Distance,receive_count,consume_count,consume_rate
0,0,826070,46852,0.05671674313314852
1,1,227221,8602,0.0378574163479608
2,2,118413,3485,0.02943089018942177
3,3,76598,1861,0.024295673516279797
4,4,55085,1287,0.023363892166651537
5,5,41452,831,0.020047283605133647
6,6,32483,603,0.01856355632176831
7,7,25681,430,0.01674389626572174
8,8,21436,385,0.017960440380668036
9,9,17958,333,0.018543267624457068
10,10,206484,2496,0.012088103678735399
11,11,106003,8217,0.07751667405639463
